<?xml version="1.0" encoding="UTF-8"?>
<beans xmlns="http://www.springframework.org/schema/beans"
	xmlns:xsi="http://www.w3.org/2001/XMLSchema-instance"
	xmlns:context="http://www.springframework.org/schema/context"
	xmlns:tx="http://www.springframework.org/schema/tx"
	xmlns:aop="http://www.springframework.org/schema/aop"
	xmlns:mybatis-spring="http://mybatis.org/schema/mybatis-spring"
	xsi:schemaLocation="http://mybatis.org/schema/mybatis-spring http://mybatis.org/schema/mybatis-spring-1.2.xsd
		http://www.springframework.org/schema/beans http://www.springframework.org/schema/beans/spring-beans.xsd
		http://www.springframework.org/schema/context http://www.springframework.org/schema/context/spring-context-3.1.xsd
		http://www.springframework.org/schema/aop http://www.springframework.org/schema/aop/spring-aop-3.1.xsd
		http://www.springframework.org/schema/tx http://www.springframework.org/schema/tx/spring-tx-3.1.xsd">

	<context:property-placeholder location="classpath:database/jdbc.properties" />

	<bean id="dataSource" class="org.apache.commons.dbcp.BasicDataSource">
		<property name="driverClassName" value="oracle.jdbc.driver.OracleDriver" />
		<property name="url" value="jdbc:oracle:thin:@localhost:1521:xe" />
		<property name="username" value="hr" />
		<property name="password" value="hr" />
	</bean>

	<bean id="jdbcTemplate" class="org.springframework.jdbc.core.JdbcTemplate">
		<property name="dataSource" ref="dataSource" />
	</bean>

	<bean id="sqlSessionFactory" class="org.mybatis.spring.SqlSessionFactoryBean">
		<property name="dataSource" ref="dataSource" />
		<property name="mapperLocations" value="classpath:com/coderby/myapp/**/*.xml"/>
	</bean>
	
	<bean id="txManager"
		class="org.springframework.jdbc.datasource.DataSourceTransactionManager">
		<property name="dataSource" ref="dataSource" />
	</bean>

	<tx:advice id="txAdvice" transaction-manager="txManager">
		<tx:attributes>
			<tx:method name="set*" rollback-for="RuntimeException" />
			<tx:method name="add*" rollback-for="RuntimeException" />
			<tx:method name="update*" rollback-for="RuntimeException" />
			<tx:method name="modify*" rollback-for="RuntimeException" />
		</tx:attributes>
	</tx:advice>

	<aop:config>
		<aop:pointcut id="servicePublicMethod"
			expression="execution(public * com.coderby..*Service.*(..))" />
		<aop:advisor advice-ref="txAdvice" pointcut-ref="servicePublicMethod" />
	</aop:config>

	<context:component-scan base-package="com.coderby.myapp.hr" />
	
	<mybatis-spring:scan base-package="com.coderby.myapp.hr.dao" />

</beans>
