<?xml version="1.0" encoding="UTF-8"?>
<!DOCTYPE mapper PUBLIC "-//mybatis.org//DTD Mapper 3.0//EN"
    "http://mybatis.org/dtd/mybatis-3-mapper.dtd">
  <mapper namespace="com.coderby.myapp.hr.dao.IUserRepository">
	<resultMap id="userMap" type="com.coderby.myapp.hr.model.UserInfo">
		<result property="userId" column="USERID" />
		<result property="userPw" column="USERPW" />
		<result property="userName" column="USERNAME" />
		<result property="email" column="EMAIL" />
		<result property="phone" column="PHONE" />  
	</resultMap>
	
	<!-- 
	<select id="loginAction" parameterType="com.ga.common.LoginVO" resultType="com.ga.common.LoginVO">
        SELECT
            USER_ID as userId, USER_PW as userPw , NAME as Name
        FROM USERS
        WHERE 1=1
        and USER_ID = #{userId}
        and USER_PW = #{userPw}
    </select>
	 -->
	<!-- 
	<select id="getUserList" resultMap="userMap">
		SELECT * FROM USERS
	</select>
	 -->
	<insert id="JoinUser" parameterType="com.coderby.myapp.hr.model.UserInfo">
		INSERT INTO USERS (USER_NAME, USER_ID, USER_PW, EMAIL, PHONE)
		VALUES (#{Name}, #{userId}, #{userPw},  #{email}, #{phone})
	</insert>
	
	
	
</mapper>